data,semana_epidemiologica,casos_dengue,ano,chuva,temperatura_media,umidade,pressao,week_start,ANO_SEMANA,NOTIFICACOES,rain_sum,temp_mean,humidity_mean,pressure_mean,casos_minus_notificacoes,casos_minus_notificacoes_abs,chuva_minus_rain_sum,temperatura_minus_temp_mean,umidade_minus_humidity_mean,pressao_minus_pressure_mean
2022-01-02,202201,977,2022,56.8,20.7,85.39,883.92,2022-01-02,202201,776,56.8,20.70357142857143,85.39285714285714,883.9178571428572,201,201,0.0,-0.003571428571429891,-0.0028571428571382285,0.002142857142757748
2022-01-09,202202,1008,2022,40.0,20.5,81.79,886.73,2022-01-09,202202,820,40.0,20.501785714285713,81.79166666666666,886.7303571428571,188,188,0.0,-0.0017857142857131691,-0.00166666666665094,-0.00035714285706944793
2022-01-16,202203,1149,2022,7.0,22.91,63.71,887.63,2022-01-16,202203,990,7.0,22.90952380952381,63.714285714285715,887.6303571428572,159,159,0.0,0.0004761904761885205,-0.004285714285714448,-0.00035714285718313477
2022-01-23,202204,1383,2022,3.2,22.08,70.93,885.22,2022-01-23,202204,1237,3.2,22.077380952380953,70.92857142857143,885.2244047619048,146,146,0.0,0.0026190476190457446,0.0014285714285762197,-0.004404761904766019
2022-01-30,202205,1524,2022,63.4,21.56,78.02,886.34,2022-01-30,202205,1411,63.4,21.5625,78.02380952380952,886.3392857142857,113,113,0.0,-0.002500000000001279,-0.003809523809522375,0.0007142857143662695
2022-02-06,202206,1787,2022,34.4,20.85,80.29,885.03,2022-02-06,202206,1671,34.4,20.852380952380948,80.28571428571429,885.0255952380952,116,116,0.0,-0.0023809523809461552,0.004285714285714448,0.004404761904766019
2022-02-13,202207,1721,2022,98.8,20.55,83.48,885.44,2022-02-13,202207,1604,98.8,20.548214285714288,83.47619047619048,885.4386904761905,117,117,0.0,0.0017857142857131691,0.003809523809522375,0.001309523809595703
2022-02-20,202208,1869,2022,40.0,21.59,77.12,887.35,2022-02-20,202208,1761,40.0,21.59107142857143,77.125,887.3541666666667,108,108,0.0,-0.001071428571428612,-0.0049999999999954525,-0.0041666666667197205
2022-02-27,202209,2264,2022,54.0,21.97,70.16,886.59,2022-02-27,202209,2153,54.0,21.971428571428568,70.16071428571429,886.5898809523809,111,111,0.0,-0.0014285714285691142,-0.0007142857142952153,0.00011904761913683615
2022-03-06,202210,2708,2022,27.8,22.1,70.05,886.05,2022-03-06,202210,2637,27.8,22.10238095238095,70.05357142857143,886.0541666666667,71,71,0.0,-0.002380952380949708,-0.0035714285714334437,-0.0041666666667197205
2022-03-13,202211,3060,2022,39.8,21.73,78.58,886.52,2022-03-13,202211,2962,39.8,21.727380952380948,78.57738095238095,886.5208333333333,98,98,0.0,0.00261904761905285,0.0026190476190492973,-0.000833333333275732
2022-03-20,202212,3726,2022,0.0,22.32,68.02,886.48,2022-03-20,202212,3515,0.0,22.317261904761903,68.01785714285714,886.4833333333333,211,211,0.0,0.0027380952380973156,0.002142857142857224,-0.0033333333333303017
2022-03-27,202213,4199,2022,0.0,23.29,60.77,886.7,2022-03-27,202213,3974,0.0,23.288690476190474,60.773809523809526,886.7005952380953,225,225,0.0,0.0013095238095246486,-0.003809523809522375,-0.0005952380952294334
2022-04-03,202214,4321,2022,1.0,23.05,60.87,887.06,2022-04-03,202214,3969,1.0,23.051190476190477,60.86904761904761,887.0648809523809,352,352,0.0,-0.0011904761904766303,0.0009523809523841464,-0.004880952380972303
2022-04-10,202215,4254,2022,21.0,22.25,74.36,885.3,2022-04-10,202215,4022,21.0,22.245238095238097,74.35714285714286,885.2994047619047,232,232,0.0,0.004761904761902969,0.0028571428571382285,0.0005952380952294334
2022-04-17,202216,5023,2022,1.4,21.64,63.02,886.94,2022-04-17,202216,4860,1.4,21.642261904761906,63.02380952380952,886.9351190476191,163,163,0.0,-0.0022619047619052424,-0.0038095238095152695,0.004880952380972303
2022-04-24,202217,4578,2022,0.0,22.26,61.93,888.3,2022-04-24,202217,4355,0.0,22.261309523809523,61.9345238095238,888.2982142857143,223,223,0.0,-0.001309523809521096,-0.004523809523803379,0.0017857142856883002
2022-05-01,202218,3859,2022,14.6,21.75,66.08,888.13,2022-05-01,202218,3475,14.6,21.752976190476193,66.07738095238095,888.1345238095238,384,384,0.0,-0.002976190476193352,0.0026190476190492973,-0.0045238095237891685
2022-05-08,202219,3497,2022,0.0,21.18,63.23,888.28,2022-05-08,202219,3310,0.0,21.175,63.232142857142854,888.2809523809523,187,187,0.0,0.004999999999999005,-0.002142857142857224,-0.0009523809522988813
2022-05-15,202220,3489,2022,0.0,16.73,62.1,888.2,2022-05-15,202220,3276,0.0,16.72797619047619,62.09523809523809,888.1952380952381,213,213,0.0,0.0020238095238092058,0.004761904761913627,0.004761904761949154
2022-05-22,202221,2557,2022,0.0,18.69,59.77,890.57,2022-05-22,202221,2316,0.0,18.686904761904763,59.773809523809526,890.5714285714286,241,241,0.0,0.003095238095237818,-0.003809523809522375,-0.0014285714285051654
2022-05-29,202222,2325,2022,0.0,19.95,51.75,887.65,2022-05-29,202222,1852,0.0,19.94940476190476,51.74999999999999,887.6511904761904,473,473,0.0,0.0005952380952400915,7.105427357601002e-15,-0.0011904761904588668
2022-06-05,202223,1950,2022,0.0,19.63,59.17,887.99,2022-06-05,202223,1551,0.0,19.632738095238096,59.172619047619044,887.989880952381,399,399,0.0,-0.0027380952380973156,-0.002619047619042192,0.00011904761902314931
2022-06-12,202224,1596,2022,0.0,19.7,61.48,888.88,2022-06-12,202224,1197,0.0,19.695238095238096,61.482142857142854,888.8839285714286,399,399,0.0,0.004761904761902969,-0.002142857142857224,-0.003928571428559735
2022-06-19,202225,1455,2022,0.0,19.73,54.81,889.63,2022-06-19,202225,1020,0.0,19.729761904761904,54.8095238095238,889.6333333333333,435,435,0.0,0.0002380952380960366,0.00047619047619917865,-0.0033333333333303017
2022-06-26,202226,1162,2022,0.0,18.69,54.99,889.39,2022-06-26,202226,752,0.0,18.685119047619047,54.99404761904761,889.3946428571428,410,410,0.0,0.00488095238095454,-0.004047619047611306,-0.004642857142812318
2022-07-03,202227,810,2022,0.0,18.87,55.74,891.14,2022-07-03,202227,514,0.0,18.87440476190476,55.738095238095234,891.1369047619047,296,296,0.0,-0.004404761904758914,0.0019047619047682929,0.003095238095284003
2022-07-10,202228,689,2022,0.0,19.47,51.36,889.29,2022-07-10,202228,445,0.0,19.46607142857143,51.363095238095234,889.2904761904762,244,244,0.0,0.003928571428570393,-0.003095238095234265,-0.0004761904762062841
2022-07-17,202229,581,2022,0.0,19.28,52.61,889.9,2022-07-17,202229,366,0.0,19.27559523809524,52.607142857142854,889.8964285714285,215,215,0.0,0.004404761904762466,0.002857142857145334,0.003571428571490287
2022-07-24,202230,576,2022,0.0,19.68,48.04,889.05,2022-07-24,202230,384,0.0,19.68095238095238,48.04166666666667,889.0505952380952,192,192,0.0,-0.0009523809523805937,-0.0016666666666722563,-0.0005952380952294334
2022-07-31,202231,515,2022,0.0,21.62,41.27,888.01,2022-07-31,202231,347,0.0,21.62142857142857,41.273809523809526,888.0136904761905,168,168,0.0,-0.0014285714285691142,-0.003809523809522375,-0.0036904761905134364
2022-08-07,202232,564,2022,0.0,20.88,45.15,888.77,2022-08-07,202232,357,0.0,20.876785714285713,45.154761904761905,888.7672619047619,207,207,0.0,0.003214285714285836,-0.004761904761906521,0.0027380952381008683
2022-08-14,202233,619,2022,0.0,21.65,43.12,888.84,2022-08-14,202233,331,0.0,21.648809523809522,43.125,888.8380952380952,288,288,0.0,0.0011904761904766303,-0.005000000000002558,0.0019047619048251363
2022-08-21,202234,571,2022,0.0,20.27,44.02,890.3,2022-08-21,202234,343,0.0,20.270833333333332,44.01785714285713,890.2964285714286,228,228,0.0,-0.0008333333333325754,0.002142857142871435,0.0035714285713766003
2022-08-28,202235,625,2022,0.0,20.9,41.61,889.37,2022-08-28,202235,392,0.0,20.89940476190476,41.607142857142854,889.3714285714286,233,233,0.0,0.0005952380952400915,0.002857142857145334,-0.0014285714286188522
2022-09-04,202236,639,2022,0.0,22.66,37.05,889.54,2022-09-04,202236,433,0.0,22.65654761904762,37.047619047619044,889.5380952380953,206,206,0.0,0.0034523809523818727,0.0023809523809532607,0.0019047619047114495
2022-09-11,202237,671,2022,1.4,25.04,34.2,886.75,2022-09-11,202237,426,1.4,25.041071428571428,34.20238095238095,886.752380952381,245,245,0.0,-0.001071428571428612,-0.0023809523809461552,-0.0023809523810314204
2022-09-18,202238,627,2022,39.0,21.76,71.24,886.13,2022-09-18,202238,421,39.0,21.760714285714283,71.23809523809523,886.1321428571429,206,206,0.0,-0.0007142857142810044,0.0019047619047682929,-0.002142857142871435
2022-09-25,202239,701,2022,0.0,23.46,58.71,887.46,2022-09-25,202239,490,0.0,23.464285714285715,58.70833333333333,887.4565476190476,211,211,0.0,-0.004285714285714448,0.0016666666666722563,0.003452380952467138
2022-10-02,202240,613,2022,0.0,22.98,59.73,886.43,2022-10-02,202240,431,0.0,22.974999999999998,59.726190476190474,886.4327380952382,182,182,0.0,0.005000000000002558,0.003809523809522375,-0.002738095238214555
2022-10-09,202241,649,2022,0.2,24.83,39.19,887.96,2022-10-09,202241,432,0.2,24.83452380952381,39.19047619047619,887.9553571428571,217,217,0.0,-0.004523809523810485,-0.0004761904761920732,0.004642857142926005
2022-10-16,202242,698,2022,0.0,24.84,39.51,886.15,2022-10-16,202242,474,0.0,24.83690476190476,39.50595238095239,886.1547619047618,224,224,0.0,0.0030952380952413705,0.004047619047611306,-0.004761904761835467
2022-10-23,202243,592,2022,21.2,22.24,67.13,885.92,2022-10-23,202243,375,21.2,22.235119047619047,67.13095238095238,885.9196428571429,217,217,0.0,0.004880952380950987,-0.0009523809523841464,0.00035714285706944793
2022-10-30,202244,510,2022,70.4,20.09,78.4,885.9,2022-10-30,202244,280,70.4,20.08690476190476,78.39880952380952,885.9011904761904,230,230,0.0,0.0030952380952413705,0.0011904761904872885,-0.0011904761904588668
2022-11-06,202245,559,2022,100.0,21.12,72.12,886.63,2022-11-06,202245,377,100.0,21.123809523809523,72.11904761904762,886.6315476190476,182,182,0.0,-0.003809523809522375,0.0009523809523841464,-0.0015476190476420015
2022-11-13,202246,688,2022,169.0,21.45,75.45,885.91,2022-11-13,202246,430,169.0,21.448214285714283,75.44642857142857,885.9095238095239,258,258,0.0,0.0017857142857167219,0.0035714285714334437,0.00047619047609259724
2022-11-20,202247,775,2022,84.6,20.51,79.01,884.78,2022-11-20,202247,502,84.6,20.51190476190476,79.01190476190477,884.7809523809523,273,273,0.0,-0.0019047619047576347,-0.0019047619047682929,-0.0009523809522988813
2022-11-27,202248,889,2022,31.6,20.81,78.36,882.23,2022-11-27,202248,561,31.6,20.81130952380952,78.35714285714286,882.2261904761905,328,328,0.0,-0.001309523809521096,0.0028571428571382285,0.0038095238095365858
2022-12-04,202249,1050,2022,121.6,21.13,79.94,885.42,2022-12-04,202249,725,121.6,21.129166666666666,79.94047619047619,885.4250000000001,325,325,0.0,0.0008333333333325754,-0.0004761904761920732,-0.005000000000109139
2022-12-11,202250,1003,2022,48.4,21.07,79.92,883.99,2022-12-11,202250,746,48.4,21.073214285714283,79.91666666666667,883.9851190476192,257,257,0.0,-0.0032142857142822834,0.0033333333333303017,0.004880952380858616
2022-12-18,202251,889,2022,54.2,20.6,81.92,884.18,2022-12-18,202251,609,54.2,20.59702380952381,81.92261904761905,884.1839285714285,280,280,0.0,0.0029761904761897995,-0.0026190476190492973,-0.003928571428559735
2022-12-25,202252,802,2022,85.8,20.51,83.07,886.35,2022-12-25,202252,370,85.8,20.510714285714283,83.07142857142857,886.3488095238096,432,432,0.0,-0.0007142857142810044,-0.0014285714285762197,0.0011904761904588668
2023-01-01,202301,1013,2023,34.4,21.16,79.34,886.14,2023-01-01,202301,718,34.4,21.159523809523808,79.33928571428571,886.1404761904762,295,295,0.0,0.0004761904761920732,0.0007142857142952153,-0.0004761904762062841
2023-01-08,202302,1001,2023,74.4,20.33,81.71,887.1,2023-01-08,202302,713,74.4,20.333333333333332,81.71428571428571,887.1041666666666,288,288,0.0,-0.0033333333333338544,-0.004285714285714448,-0.004166666666606034
2023-01-15,202303,1183,2023,22.8,21.63,73.26,886.9,2023-01-15,202303,794,22.8,21.62738095238095,73.26190476190477,886.9029761904761,389,389,0.0,0.0026190476190492973,-0.0019047619047682929,-0.002976190476147167
2023-01-22,202304,1021,2023,41.4,20.88,80.35,885.33,2023-01-22,202304,712,41.4,20.883928571428573,80.34523809523809,885.3255952380953,309,309,0.0,-0.003928571428573946,0.004761904761906521,0.004404761904766019
2023-01-29,202305,1260,2023,18.0,21.96,72.86,886.93,2023-01-29,202305,888,18.0,21.95535714285714,72.85714285714286,886.9261904761905,372,372,0.0,0.004642857142862056,0.0028571428571382285,0.003809523809422899
2023-02-05,202306,1345,2023,24.6,22.6,70.76,886.76,2023-02-05,202306,959,24.6,22.598214285714285,70.75595238095238,886.7589285714286,386,386,0.0,0.0017857142857167219,0.004047619047625517,0.0010714285714357175
2023-02-12,202307,1174,2023,6.4,23.79,64.9,885.11,2023-02-12,202307,802,6.4,23.792261904761904,64.90476190476191,885.1142857142858,372,372,0.0,-0.0022619047619052424,-0.004761904761906521,-0.00428571428574287
2023-02-19,202308,1211,2023,23.8,21.54,75.61,887.47,2023-02-19,202308,883,23.8,21.54404761904762,75.60714285714286,887.470238095238,328,328,0.0,-0.004047619047621964,0.0028571428571382285,-0.00023809523793261178
2023-02-26,202309,1208,2023,18.8,22.44,70.57,887.94,2023-02-26,202309,908,18.8,22.441666666666663,70.57142857142857,887.9375,300,300,0.0,-0.0016666666666615981,-0.0014285714285762197,0.0025000000000545697
2023-03-05,202310,1330,2023,44.8,21.77,74.61,886.54,2023-03-05,202310,1014,44.8,21.76904761904762,74.61309523809523,886.5434523809524,316,316,0.0,0.0009523809523805937,-0.0030952380952271596,-0.003452380952467138
2023-03-12,202311,1298,2023,45.6,20.92,80.88,886.63,2023-03-12,202311,976,45.60000000000001,20.922023809523807,80.88095238095238,886.6309523809524,322,322,-7.105427357601002e-15,-0.002023809523805653,-0.0009523809523841464,-0.0009523809524125681
2023-03-19,202312,1529,2023,26.0,21.02,74.88,887.83,2023-03-19,202312,1160,26.0,21.01904761904762,74.88095238095238,887.8321428571428,369,369,0.0,0.0009523809523805937,-0.0009523809523841464,-0.002142857142757748
2023-03-26,202313,1506,2023,0.0,22.81,62.43,887.45,2023-03-26,202313,1121,0.0,22.81488095238095,62.42857142857143,887.4458333333333,385,385,0.0,-0.004880952380950987,0.0014285714285691142,0.0041666666667197205
2023-04-02,202314,1303,2023,14.6,20.82,77.5,886.24,2023-04-02,202314,955,14.600000000000001,20.82083333333333,77.5,886.2422619047619,348,348,-1.7763568394002505e-15,-0.0008333333333290227,0.0,-0.0022619047618945842
2023-04-09,202315,1562,2023,87.4,21.45,80.15,887.04,2023-04-09,202315,1266,87.39999999999999,21.451190476190476,80.14880952380952,887.0380952380953,296,296,1.4210854715202004e-14,-0.0011904761904766303,0.0011904761904872885,0.0019047619047114495
2023-04-16,202316,1410,2023,31.2,20.97,79.49,885.76,2023-04-16,202316,1155,31.2,20.96547619047619,79.49404761904762,885.7589285714286,255,255,0.0,0.004523809523810485,-0.004047619047625517,0.0010714285714357175
2023-04-23,202317,1281,2023,27.4,20.8,75.58,888.28,2023-04-23,202317,1053,27.4,20.804761904761904,75.57738095238095,888.2767857142857,228,228,0.0,-0.004761904761902969,0.0026190476190492973,0.0032142857143071524
2023-04-30,202318,1427,2023,27.2,20.34,71.05,888.19,2023-04-30,202318,1145,27.200000000000003,20.335714285714285,71.04761904761905,888.1880952380952,282,282,-3.552713678800501e-15,0.004285714285714448,0.0023809523809461552,0.0019047619048251363
2023-05-07,202319,1245,2023,1.2,20.53,68.29,888.1,2023-05-07,202319,969,1.2,20.52857142857143,68.28571428571429,888.1011904761906,276,276,0.0,0.001428571428572667,0.004285714285714448,-0.0011904761905725536
2023-05-14,202320,1256,2023,0.0,19.65,61.54,889.27,2023-05-14,202320,956,0.0,19.650000000000002,61.535714285714285,889.2738095238095,300,300,0.0,-3.552713678800501e-15,0.004285714285714448,-0.0038095238095365858
2023-05-21,202321,957,2023,0.0,19.11,64.61,889.06,2023-05-21,202321,745,0.0,19.105952380952377,64.60714285714286,889.0589285714286,212,212,0.0,0.004047619047621964,0.0028571428571382285,0.0010714285713220306
2023-05-28,202322,959,2023,0.0,20.48,65.35,889.3,2023-05-28,202322,754,0.0,20.48035714285714,65.35119047619047,889.2994047619047,205,205,0.0,-0.0003571428571405022,-0.0011904761904730776,0.0005952380952294334
2023-06-04,202323,874,2023,0.0,19.02,62.34,890.52,2023-06-04,202323,666,0.0,19.017857142857142,62.339285714285715,890.5184523809523,208,208,0.0,0.002142857142857224,0.0007142857142881098,0.0015476190476420015
2023-06-11,202324,918,2023,2.0,20.75,65.25,889.69,2023-06-11,202324,724,2.0,20.751785714285713,65.25,889.6857142857143,194,194,0.0,-0.0017857142857131691,0.0,0.00428571428574287
2023-06-18,202325,759,2023,0.2,18.44,62.15,890.52,2023-06-18,202325,591,0.2,18.441666666666666,62.14880952380952,890.5166666666667,168,168,0.0,-0.0016666666666651508,0.001190476190480183,0.0033333333333303017
2023-06-25,202326,614,2023,0.0,18.42,60.18,890.72,2023-06-25,202326,445,0.0,18.42440476190476,60.17857142857143,890.717857142857,169,169,0.0,-0.004404761904758914,0.0014285714285691142,0.0021428571429851218
2023-07-02,202327,651,2023,0.0,17.88,52.96,889.74,2023-07-02,202327,454,0.0,17.879166666666666,52.95833333333333,889.735119047619,197,197,0.0,0.0008333333333325754,0.0016666666666722563,0.004880952380972303
2023-07-09,202328,667,2023,0.0,19.99,54.04,887.96,2023-07-09,202328,506,0.0,19.98988095238095,54.035714285714285,887.9613095238095,161,161,0.0,0.0001190476190480183,0.004285714285714448,-0.001309523809482016
2023-07-16,202329,560,2023,0.0,20.73,54.8,892.1,2023-07-16,202329,403,0.0,20.727380952380948,54.79761904761904,892.1041666666667,157,157,0.0,0.00261904761905285,0.002380952380960366,-0.0041666666667197205
2023-07-23,202330,488,2023,0.0,19.95,52.29,891.32,2023-07-23,202330,364,0.0,19.951190476190476,52.285714285714285,891.3214285714286,124,124,0.0,-0.0011904761904766303,0.004285714285714448,-0.0014285714285051654
2023-07-30,202331,568,2023,0.0,20.72,46.84,891.27,2023-07-30,202331,446,0.0,20.717857142857145,46.83928571428571,891.2744047619047,122,122,0.0,0.0021428571428536713,0.0007142857142952153,-0.004404761904766019
2023-08-06,202332,489,2023,0.0,22.09,39.92,890.52,2023-08-06,202332,377,0.0,22.09107142857143,39.922619047619044,890.5172619047619,112,112,0.0,-0.001071428571428612,-0.002619047619042192,0.0027380952381008683
2023-08-13,202333,547,2023,0.0,21.14,46.63,888.53,2023-08-13,202333,397,0.0,21.139285714285712,46.63095238095237,888.5261904761904,150,150,0.0,0.0007142857142881098,-0.0009523809523699356,0.0038095238095365858
2023-08-20,202334,502,2023,4.6,22.87,50.03,885.96,2023-08-20,202334,370,4.6,22.867424242424242,49.972943722943725,885.9659632034633,132,132,0.0,0.002575757575758786,0.05705627705627592,-0.005963203463238642
2023-08-27,202335,548,2023,55.6,22.04,73.15,888.5,2023-08-27,202335,400,55.6,22.035714285714285,73.14880952380952,888.495238095238,148,148,0.0,0.004285714285714448,0.0011904761904872885,0.004761904761949154
2023-09-03,202336,569,2023,0.0,23.63,51.43,889.13,2023-09-03,202336,445,0.0,23.626785714285713,51.43452380952381,889.1321428571429,124,124,0.0,0.003214285714285836,-0.004523809523810485,-0.002142857142871435
2023-09-10,202337,650,2023,0.0,23.27,46.6,888.31,2023-09-10,202337,454,0.0,23.273214285714285,46.59523809523809,888.3136904761905,196,196,0.0,-0.003214285714285836,0.004761904761913627,-0.0036904761905134364
2023-09-17,202338,551,2023,0.0,25.73,39.8,887.53,2023-09-17,202338,396,0.0,25.726785714285715,39.80357142857143,887.532142857143,155,155,0.0,0.003214285714285836,-0.0035714285714334437,-0.0021428571429851218
2023-09-24,202339,525,2023,7.4,25.36,55.57,885.87,2023-09-24,202339,370,7.4,25.35595238095238,55.56547619047619,885.8660714285714,155,155,0.0,0.0040476190476184115,0.004523809523810485,0.003928571428559735
2023-10-01,202340,522,2023,49.2,23.4,69.6,886.01,2023-10-01,202340,360,49.2,23.396428571428572,69.60119047619047,886.0113095238095,162,162,0.0,0.0035714285714263383,-0.0011904761904730776,-0.001309523809482016
2023-10-08,202341,398,2023,6.4,24.95,62.25,887.04,2023-10-08,202341,249,6.4,24.963871635610765,62.174171842650104,887.0297619047618,149,149,0.0,-0.013871635610765765,0.07582815734989623,0.01023809523815089
2023-10-15,202342,534,2023,14.6,25.54,47.9,887.54,2023-10-15,202342,354,14.6,25.539285714285715,47.89880952380952,887.5416666666667,180,180,0.0,0.0007142857142845571,0.001190476190480183,-0.0016666666667788377
2023-10-22,202343,415,2023,29.2,24.05,66.45,885.02,2023-10-22,202343,269,29.2,24.0611801242236,66.37060041407868,885.0156314699792,146,146,0.0,-0.011180124223599819,0.07939958592132257,0.004368530020769867
2023-10-29,202344,486,2023,32.0,23.56,73.43,884.8,2023-10-29,202344,358,32.0,23.557142857142857,73.42857142857143,884.7970238095238,128,128,0.0,0.002857142857141781,0.0014285714285762197,0.002976190476147167
2023-11-05,202345,626,2023,6.8,25.0,54.86,886.59,2023-11-05,202345,495,6.8,25.004166666666666,54.86309523809524,886.5922619047618,131,131,0.0,-0.00416666666666643,-0.0030952380952413705,-0.0022619047617808974
2023-11-12,202346,695,2023,1.2,26.2,50.67,884.83,2023-11-12,202346,584,1.2000000000000002,26.198809523809523,50.666666666666664,884.8285714285714,111,111,-2.220446049250313e-16,0.0011904761904766303,0.003333333333337407,0.0014285714286188522
2023-11-19,202347,1134,2023,64.2,23.14,76.39,886.24,2023-11-19,202347,953,64.19999999999999,23.135714285714283,76.38690476190477,886.2404761904762,181,181,1.4210854715202004e-14,0.004285714285718001,0.0030952380952271596,-0.0004761904762062841
2023-11-26,202348,1413,2023,33.6,23.1,73.57,886.62,2023-11-26,202348,1282,33.6,23.097619047619048,73.57142857142857,886.6238095238095,131,131,0.0,0.0023809523809532607,-0.0014285714285762197,-0.0038095238095365858
2023-12-03,202349,1823,2023,16.6,23.14,68.38,886.59,2023-12-03,202349,1671,16.6,23.142261904761906,68.38095238095238,886.5880952380952,152,152,0.0,-0.0022619047619052424,-0.0009523809523841464,0.0019047619048251363
2023-12-10,202350,2627,2023,0.6,25.11,55.68,885.41,2023-12-10,202350,2726,0.6000000000000001,25.109523809523807,55.68452380952381,885.4136904761905,-99,99,-1.1102230246251565e-16,0.0004761904761920732,-0.004523809523810485,-0.0036904761905134364
2023-12-17,202351,2988,2023,51.8,22.43,74.71,884.99,2023-12-17,202351,3279,51.8,22.425595238095237,74.70833333333333,884.9928571428571,-291,291,0.0,0.004404761904762466,0.0016666666666651508,-0.0028571428571240176
2023-12-24,202352,3937,2023,28.4,23.09,76.58,887.1,2023-12-24,202352,2049,28.4,23.09404761904762,76.58333333333334,887.0964285714286,1888,1888,0.0,-0.0040476190476184115,-0.0033333333333445125,0.0035714285713766003
2023-12-31,202401,9340,2023,256.8,21.15,89.1,884.94,2023-12-31,202401,8532,139.2,21.214285714285715,88.51190476190477,885.0339285714284,808,808,117.60000000000002,-0.06428571428571672,0.5880952380952209,-0.0939285714283642
2024-01-07,202402,9782,2024,203.2,21.8,83.71,886.28,2024-01-07,202402,8700,101.60000000000001,21.802380952380954,83.70833333333334,886.2791666666666,1082,1082,101.59999999999998,-0.0023809523809532607,0.00166666666665094,0.0008333333333894188
2024-01-14,202403,15007,2024,28.8,23.29,74.48,887.75,2024-01-14,202403,12957,14.4,23.28690476190476,74.48214285714286,887.7529761904761,2050,2050,14.4,0.003095238095237818,-0.002142857142857224,-0.002976190476147167
2024-01-21,202404,21998,2024,134.8,22.26,83.52,884.93,2024-01-21,202404,19097,67.4,22.258928571428573,83.51785714285714,884.9267857142858,2901,2901,67.4,0.001071428571428612,0.002142857142857224,0.0032142857141934655
2024-01-28,202405,25623,2024,43.2,22.02,80.81,887.76,2024-01-28,202405,22357,21.599999999999998,22.02142857142857,80.80952380952381,887.7613095238095,3266,3266,21.600000000000005,-0.0014285714285691142,0.0004761904761920732,-0.001309523809482016
2024-02-04,202406,24198,2024,75.6,21.93,82.17,887.52,2024-02-04,202406,21921,37.8,21.93095238095238,82.16666666666666,887.5208333333333,2277,2277,37.8,-0.0009523809523805937,0.0033333333333445125,-0.000833333333275732
2024-02-11,202407,23969,2024,74.4,22.11,78.07,888.86,2024-02-11,202407,21698,37.2,22.1125,78.07142857142857,888.8619047619048,2271,2271,37.2,-0.002500000000001279,-0.0014285714285762197,-0.0019047619048251363
2024-02-18,202408,25714,2024,55.2,21.57,86.35,885.41,2024-02-18,202408,23293,27.6,21.56607142857143,86.35119047619048,885.4130952380953,2421,2421,27.6,0.003928571428570393,-0.0011904761904872885,-0.003095238095284003
2024-02-25,202409,24823,2024,0.8,23.57,69.94,887.63,2024-02-25,202409,21995,0.4,23.567261904761903,69.94047619047619,887.6321428571429,2828,2828,0.4,0.0027380952380973156,-0.0004761904761920732,-0.002142857142871435
2024-03-03,202410,21609,2024,25.2,22.69,79.44,887.51,2024-03-03,202410,19210,12.6,22.6898033126294,79.4381469979296,887.5069616977225,2399,2399,12.6,0.0001966873706003014,0.0018530020703906303,0.003038302277445837
2024-03-10,202411,19376,2024,70.4,23.67,81.05,887.44,2024-03-10,202411,17343,35.2,23.66547619047619,81.05357142857143,887.4440476190476,2033,2033,35.2,0.004523809523810485,-0.0035714285714334437,-0.004047619047582884
2024-03-17,202412,17439,2024,59.6,22.97,82.51,886.14,2024-03-17,202412,15508,29.799999999999997,22.970988612836436,82.5121635610766,886.1402432712215,1931,1931,29.800000000000004,-0.0009886128364371416,-0.0021635610765997626,-0.00024327122150680225
2024-03-24,202413,11654,2024,78.4,21.83,85.54,887.34,2024-03-24,202413,10354,39.199999999999996,21.833928571428572,85.53571428571429,887.3428571428573,1300,1300,39.20000000000001,-0.003928571428573946,0.004285714285714448,-0.0028571428572377044
2024-03-31,202414,11954,2024,177.6,22.32,85.43,886.95,2024-03-31,202414,10665,88.80000000000001,22.321428571428573,85.42857142857143,886.9458333333333,1289,1289,88.79999999999998,-0.001428571428572667,0.0014285714285762197,0.0041666666667197205
2024-04-07,202415,10739,2024,49.2,22.17,82.42,887.18,2024-04-07,202415,9675,24.6,22.17142857142857,82.42261904761905,887.1755952380953,1064,1064,24.6,-0.0014285714285691142,-0.0026190476190492973,0.004404761904652332
2024-04-14,202416,8542,2024,0.0,23.07,74.34,887.54,2024-04-14,202416,7546,0.0,23.070238095238096,74.33928571428571,887.5363095238096,996,996,0.0,-0.0002380952380960366,0.0007142857142952153,0.0036904761903997496
2024-04-21,202417,6230,2024,34.4,22.63,73.53,887.74,2024-04-21,202417,5683,17.200000000000003,22.626785714285713,73.52976190476191,887.7410714285714,547,547,17.199999999999996,0.003214285714285836,0.00023809523808893118,-0.0010714285714357175
2024-04-28,202418,4951,2024,0.0,23.18,65.21,887.38,2024-04-28,202418,4557,0.0,23.17797619047619,65.20833333333333,887.3833333333333,394,394,0.0,0.0020238095238092058,0.0016666666666651508,-0.0033333333333303017
2024-05-05,202419,4384,2024,0.0,21.35,68.75,888.31,2024-05-05,202419,3768,0.0,21.35297619047619,68.75,888.3083333333334,616,616,0.0,-0.0029761904761897995,0.0,0.001666666666551464
2024-05-12,202420,3822,2024,0.0,21.57,60.97,888.5,2024-05-12,202420,3278,0.0,21.567857142857143,60.97023809523809,888.4976190476191,544,544,0.0,0.002142857142857224,-0.00023809523808893118,0.0023809523809177335
2024-05-19,202421,3503,2024,0.0,20.95,67.73,889.5,2024-05-19,202421,2856,0.0,20.954166666666662,67.73214285714286,889.4988095238095,647,647,0.0,-0.004166666666662877,-0.002142857142857224,0.0011904761904588668
2024-05-26,202422,2501,2024,0.0,20.17,65.23,890.33,2024-05-26,202422,2045,0.0,20.166071428571428,65.32116977225674,890.3323498964803,456,456,0.0,0.003928571428573946,-0.09116977225673395,-0.0023498964802683986
2024-06-02,202423,1730,2024,0.0,19.47,70.02,891.53,2024-06-02,202423,1381,0.0,19.471506211180124,70.0103519668737,891.5265269151139,349,349,0.0,-0.00150621118012495,0.009648033126296696,0.0034730848860817787
2024-06-09,202424,1161,2024,0.0,19.96,64.88,890.69,2024-06-09,202424,886,0.0,19.962500000000002,64.875,890.6869047619048,275,275,0.0,-0.002500000000001279,0.0049999999999954525,0.003095238095284003
2024-06-16,202425,805,2024,0.0,19.46,60.57,889.13,2024-06-16,202425,591,0.0,19.462215320910975,60.54606625258799,889.1294254658385,214,214,0.0,-0.0022153209109738725,0.023933747412009154,0.0005745341615011057
2024-06-23,202426,423,2024,0.0,19.64,56.15,888.97,2024-06-23,202426,306,0.0,19.63799642386599,56.14389233954451,888.9748823640128,117,117,0.0,0.0020035761340118086,0.006107660455491271,-0.004882364012814833
2024-06-30,202427,465,2024,0.0,19.51,55.64,889.6,2024-06-30,202427,350,0.0,19.512111801242234,55.5649585921325,889.5924430641822,115,115,0.0,-0.002111801242232758,0.07504140786750213,0.007556935817774502
2024-07-07,202428,409,2024,0.0,20.51,50.8,889.8,2024-07-07,202428,295,0.0,20.527486824769433,50.75277620929795,889.7900103519669,114,114,0.0,-0.01748682476943131,0.04722379070204852,0.009989648033069898
2024-07-14,202429,327,2024,0.0,18.85,53.72,892.41,2024-07-14,202429,219,0.0,18.86221532091097,53.70729813664597,892.4105848861284,108,108,0.0,-0.01221532091096833,0.012701863354031673,-0.000584886128422113
2024-07-21,202430,312,2024,0.0,19.24,50.03,891.72,2024-07-21,202430,223,0.0,19.23690476190476,50.029761904761905,891.7226190476191,89,89,0.0,0.003095238095237818,0.0002380952380960366,-0.002619047619077719
2024-07-28,202431,305,2024,0.0,20.55,54.21,891.53,2024-07-28,202431,258,0.0,20.551190476190474,54.20833333333332,891.532142857143,47,47,0.0,-0.0011904761904730776,0.0016666666666793617,-0.0021428571429851218
2024-08-04,202432,359,2024,0.0,20.04,51.3,889.41,2024-08-04,202432,237,0.0,20.045600414078674,51.27199792960663,889.4012163561076,122,122,0.0,-0.005600414078674731,0.028002070393370104,0.008783643892343207
2024-08-11,202433,377,2024,0.0,21.18,42.3,890.13,2024-08-11,202433,262,0.0,21.187758799171842,42.29787784679088,890.1407091097308,115,115,0.0,-0.007758799171842412,0.0021221532091146855,-0.010709109730782984
2024-08-18,202434,340,2024,0.0,22.98,33.12,889.67,2024-08-18,202434,229,0.0,22.976785714285715,33.11904761904761,889.6678571428572,111,111,0.0,0.003214285714285836,0.0009523809523841464,0.002142857142757748
2024-08-25,202435,292,2024,0.0,21.67,49.42,891.07,2024-08-25,202435,194,0.0,21.676190476190474,49.38975155279503,891.0623188405797,98,98,0.0,-0.006190476190472083,0.030248447204968443,0.007681159420371841
2024-09-01,202436,294,2024,0.0,24.27,26.85,888.81,2024-09-01,202436,186,0.0,24.269073498964804,26.853519668737057,888.8156055900621,108,108,0.0,0.0009265010351953151,-0.003519668737055781,-0.005605590062145893
2024-09-08,202437,304,2024,0.0,23.73,33.82,889.25,2024-09-08,202437,195,0.0,23.73035714285714,33.81547619047619,889.254761904762,109,109,0.0,-0.0003571428571405022,0.004523809523810485,-0.004761904761949154
2024-09-15,202438,308,2024,0.0,25.28,35.41,887.9,2024-09-15,202438,184,0.0,25.28333333333333,35.410714285714285,887.9041666666666,124,124,0.0,-0.0033333333333303017,-0.0007142857142881098,-0.004166666666606034
2024-09-22,202439,302,2024,0.0,26.65,30.46,886.54,2024-09-22,202439,203,0.0,26.65357142857143,30.458333333333332,886.5357142857143,99,99,0.0,-0.003571428571429891,0.0016666666666687036,0.004285714285629183
2024-09-29,202440,298,2024,0.0,26.21,33.46,886.66,2024-09-29,202440,187,0.0,26.213690476190475,33.464285714285715,886.6601190476191,111,111,0.0,-0.0036904761904743566,-0.004285714285714448,-0.00011904761913683615
2024-10-06,202441,324,2024,15.2,24.88,58.91,886.56,2024-10-06,202441,176,7.6,24.882142857142856,58.910714285714285,886.5571428571428,148,148,7.6,-0.002142857142857224,-0.0007142857142881098,0.0028571428571240176
2024-10-13,202442,347,2024,330.0,21.57,80.37,887.6,2024-10-13,202442,159,165.0,21.570833333333333,80.36904761904762,887.6035714285715,188,188,165.0,-0.0008333333333325754,0.0009523809523841464,-0.003571428571490287
2024-10-20,202443,411,2024,160.8,22.07,82.13,886.13,2024-10-20,202443,212,80.4,22.061387163561076,82.14855072463767,886.1252846790891,199,199,80.4,0.008612836438924631,-0.018550724637677263,0.004715320910918308
2024-10-27,202444,516,2024,32.4,21.66,78.19,886.63,2024-10-27,202444,254,16.2,21.662499999999998,78.19047619047619,886.6309523809523,262,262,16.2,-0.0024999999999977263,-0.0004761904761920732,-0.0009523809522988813
2024-11-03,202445,667,2024,115.6,21.14,84.4,885.55,2024-11-03,202445,349,57.8,21.141666666666662,84.39880952380953,885.5464285714286,318,318,57.8,-0.0016666666666615981,0.0011904761904730776,0.0035714285713766003
2024-11-10,202446,634,2024,190.4,20.98,85.41,884.52,2024-11-10,202446,326,95.2,20.98095238095238,85.41071428571429,884.5166666666667,308,308,95.2,-0.0009523809523805937,-0.0007142857142952153,0.0033333333333303017
2024-11-17,202447,769,2024,152.8,22.0,80.4,885.72,2024-11-17,202447,487,76.4,22.000595238095237,80.39880952380952,885.7244047619048,282,282,76.4,-0.0005952380952365388,0.0011904761904872885,-0.004404761904766019
2024-11-24,202448,604,2024,24.8,22.34,78.94,886.49,2024-11-24,202448,374,12.399999999999999,22.339285714285715,78.94047619047619,886.489880952381,230,230,12.400000000000002,0.0007142857142845571,-0.0004761904761920732,0.00011904761902314931
2024-12-01,202449,742,2024,106.8,22.82,73.22,885.61,2024-12-01,202449,420,53.4,22.82300724637681,73.11853002070394,885.6078933747413,322,322,53.4,-0.0030072463768107127,0.10146997929605561,0.0021066252587615963
2024-12-08,202450,662,2024,43.2,23.08,72.49,885.2,2024-12-08,202450,347,21.6,23.0912784679089,72.39906832298136,885.2087732919255,315,315,21.6,-0.011278467908901746,0.09093167701863081,-0.0087732919254222
2024-12-15,202451,555,2024,61.2,21.86,80.88,886.73,2024-12-15,202451,310,30.6,21.86428571428571,80.88095238095238,886.7327380952381,245,245,30.6,-0.004285714285710895,-0.0009523809523841464,-0.0027380952381008683
2024-12-22,202452,457,2024,176.0,21.16,85.34,886.08,2024-12-22,202452,146,88.0,21.164285714285715,85.33928571428571,886.0767857142857,311,311,88.0,-0.004285714285714448,0.0007142857142952153,0.0032142857143071524
